Category,Keyword
Technology and IT,software
Technology and IT,internet
Technology and IT,AI
Technology and IT,big data
Technology and IT,analytics
Technology and IT,database
Technology and IT,cloud
Technology and IT,IT
Technology and IT,application
Technology and IT,computing
Technology and IT,data
Technology and IT,mobile
Technology and IT,hardware
Technology and IT,virtual
Technology and IT,devices
Technology and IT,tech
Technology and IT,developer tools
Technology and IT,cyber
Technology and IT,robotics
Technology and IT,innovation
Technology and IT,web
Technology and IT,SaaS
Technology and IT,computers
Technology and IT,geospatial
Technology and IT,gps
Technology and IT,3D
Technology and IT,hosting
Technology and IT,UX
Technology and IT,virtual desktop
Technology and IT,developer
Real Business and Enterprises,consulting
Real Business and Enterprises,manufacturing
Real Business and Enterprises,B2B
Real Business and Enterprises,HR
Real Business and Enterprises,customer
Real Business and Enterprises,sales
Real Business and Enterprises,service
Real Business and Enterprises,construction
Real Business and Enterprises,architecture
Real Business and Enterprises,logistics
Real Business and Enterprises,industrial
Real Business and Enterprises,freight
Real Business and Enterprises,wholesale
Real Business and Enterprises,staffing
Real Business and Enterprises,corporate
Real Business and Enterprises,enterprise
Real Business and Enterprises,business development
Real Business and Enterprises,distributors
Real Business and Enterprises,mass customization
Real Business and Enterprises,supply chain
Real Business and Enterprises,logistics
Real Business and Enterprises,heavy industry
Real Business and Enterprises,real business
Consumer Goods and Retail,fashion
Consumer Goods and Retail,cosmetics
Consumer Goods and Retail,retail
Consumer Goods and Retail,home
Consumer Goods and Retail,eyewear
Consumer Goods and Retail,baby
Consumer Goods and Retail,clothing
Consumer Goods and Retail,furniture
Consumer Goods and Retail,accessories
Consumer Goods and Retail,jewelry
Consumer Goods and Retail,lifestyle
Consumer Goods and Retail,personal
Consumer Goods and Retail,fmcg
Consumer Goods and Retail,shopping
Consumer Goods and Retail,consumer goods
Consumer Goods and Retail,vending
Consumer Goods and Retail,lifestyle products
Social Networks and Communications,social
Social Networks and Communications,network
Social Networks and Communications,communication
Social Networks and Communications,messaging
Social Networks and Communications,polling
Social Networks and Communications,chat
Social Networks and Communications,media
Social Networks and Communications,forums
Social Networks and Communications,dating
Social Networks and Communications,connections
Social Networks and Communications,opinion
Social Networks and Communications,Q&A
Social Networks and Communications,crowdsourcing
Social Networks and Communications,voice
Social Networks and Communications,telephony
Social Networks and Communications,community
Social Networks and Communications,peer-to-peer
Social Networks and Communications,sms
Social Networks and Communications,video chat
Entertainment and Media,entertainment
Entertainment and Media,music
Entertainment and Media,film
Entertainment and Media,gaming
Entertainment and Media,sports
Entertainment and Media,events
Entertainment and Media,streaming
Entertainment and Media,video
Entertainment and Media,leisure
Entertainment and Media,concerts
Entertainment and Media,recreation
Entertainment and Media,fun
Entertainment and Media,virtual worlds
Entertainment and Media,nightlife
Entertainment and Media,tv
Entertainment and Media,tv production
Entertainment and Media,movies
Entertainment and Media,gaming
Entertainment and Media,multimedia
Medicine and Healthcare,health
Medicine and Healthcare,medical
Medicine and Healthcare,biotech
Medicine and Healthcare,pharma
Medicine and Healthcare,fitness
Medicine and Healthcare,diagnostics
Medicine and Healthcare,treatment
Medicine and Healthcare,wellness
Medicine and Healthcare,personal health
Medicine and Healthcare,care
Medicine and Healthcare,veterinary
Medicine and Healthcare,therapy
Medicine and Healthcare,biopharm
Medicine and Healthcare,genetics
Medicine and Healthcare,mental health
Medicine and Healthcare,surgery
Medicine and Healthcare,neuroscience
Medicine and Healthcare,biology
Medicine and Healthcare,clinical trials
Medicine and Healthcare,biometrics
Energy and Ecology,energy
Energy and Ecology,clean
Energy and Ecology,sustainable
Energy and Ecology,eco
Energy and Ecology,waste
Energy and Ecology,recycling
Energy and Ecology,environment
Energy and Ecology,solar
Energy and Ecology,wind
Energy and Ecology,water
Energy and Ecology,green
Energy and Ecology,renewable
Energy and Ecology,climate
Energy and Ecology,natural resources
Energy and Ecology,fuels
Energy and Ecology,biomass
Energy and Ecology,biofuels
Energy and Ecology,smart grid
Finance and Insurance,fintech
Finance and Insurance,payment
Finance and Insurance,crypto
Finance and Insurance,banking
Finance and Insurance,finance
Finance and Insurance,investment
Finance and Insurance,insurance
Finance and Insurance,funding
Finance and Insurance,hedge
Finance and Insurance,wealth management
Finance and Insurance,trading
Finance and Insurance,capital
Finance and Insurance,debt
Finance and Insurance,crowdfunding
Finance and Insurance,tax
Finance and Insurance,hedge
Finance and Insurance,retirement
Transport and Logistics,logistics
Transport and Logistics,delivery
Transport and Logistics,transportation
Transport and Logistics,shipping
Transport and Logistics,automotive
Transport and Logistics,freight
Transport and Logistics,mobility
Transport and Logistics,public transport
Transport and Logistics,fleet
Transport and Logistics,rental
Transport and Logistics,automotive
Transport and Logistics,boating
Transport and Logistics,car
Transport and Logistics,motor
Advertising and Marketing,advertising
Advertising and Marketing,marketing
Advertising and Marketing,brand
Advertising and Marketing,content
Advertising and Marketing,targeting
Advertising and Marketing,coupons
Advertising and Marketing,loyalty
Advertising and Marketing,market research
Advertising and Marketing,digital marketing
Advertising and Marketing,ad targeting
Advertising and Marketing,content
Advertising and Marketing,SEO
Advertising and Marketing,PR
Advertising and Marketing,ad networks
Education,education
Education,learning
Education,training
Education,school
Education,university
Education,course
Education,teacher
Education,skills
Education,higher education
Education,EdTech
Education,learning
Education,K-12
Education,tutoring
Education,online learning
Commerce and Trade,e-commerce
Commerce and Trade,shopping
Commerce and Trade,retail
Commerce and Trade,marketplaces
Commerce and Trade,trade
Commerce and Trade,auctions
Commerce and Trade,wholesale
Commerce and Trade,purchasing
Commerce and Trade,b2b
Commerce and Trade,marketplace
Commerce and Trade,store
Commerce and Trade,shop
Commerce and Trade,commercial
Commerce and Trade,auctions
Mobile Technology and Applications,mobile
Mobile Technology and Applications,apps
Mobile Technology and Applications,android
Mobile Technology and Applications,smartphone
Mobile Technology and Applications,iOS
Mobile Technology and Applications,devices
Mobile Technology and Applications,app store
Mobile Technology and Applications,smartphone
Mobile Technology and Applications,handheld
Mobile Technology and Applications,apps
Mobile Technology and Applications,iPhone
Mobile Technology and Applications,mobile applications
Art and Creative Industries,art
Art and Creative Industries,design
Art and Creative Industries,creativity
Art and Creative Industries,craft
Art and Creative Industries,innovation
Art and Creative Industries,media
Art and Creative Industries,creative
Art and Creative Industries,fashion
Art and Creative Industries,photography
Art and Creative Industries,performing arts
Art and Creative Industries,artist
Art and Creative Industries,graphic design
Art and Creative Industries,aesthetic
Social and Personal Services,local
Social and Personal Services,services
Social and Personal Services,personal
Social and Personal Services,individual
Social and Personal Services,public services
Social and Personal Services,social services
Social and Personal Services,personal services
Social and Personal Services,support
Social and Personal Services,community
Social and Personal Services,public
Social and Personal Services,people
Restaurant Business and Travel,food
Restaurant Business and Travel,restaurants
Restaurant Business and Travel,dining
Restaurant Business and Travel,travel
Restaurant Business and Travel,hotels
Restaurant Business and Travel,accommodations
Restaurant Business and Travel,hospitality
Restaurant Business and Travel,travel
Restaurant Business and Travel,trip
Restaurant Business and Travel,leisure
Restaurant Business and Travel,culinary
Real Estate and Architecture,real estate
Real Estate and Architecture,property
Real Estate and Architecture,building
Real Estate and Architecture,construction
Real Estate and Architecture,architecture
Real Estate and Architecture,development
Real Estate and Architecture,homeowners
Real Estate and Architecture,land
Real Estate and Architecture,commercial real estate
Real Estate and Architecture,housing
Real Estate and Architecture,property management
Sports and Fitness,fitness
Sports and Fitness,sports
Sports and Fitness,training
Sports and Fitness,exercise
Sports and Fitness,health
Sports and Fitness,gym
Sports and Fitness,outdoors
Sports and Fitness,sportswear
Sports and Fitness,games
Sports and Fitness,physical
Games and Entertainment,games
Games and Entertainment,video games
Games and Entertainment,entertainment
Games and Entertainment,leisure
Games and Entertainment,fun
Games and Entertainment,gaming
Games and Entertainment,sports
Games and Entertainment,play
Games and Entertainment,entertainment
Electronics and Hardware Technology,electronics
Electronics and Hardware Technology,hardware
Electronics and Hardware Technology,devices
Electronics and Hardware Technology,semiconductors
Electronics and Hardware Technology,gadgets
Electronics and Hardware Technology,engineering
Electronics and Hardware Technology,robotics
Electronics and Hardware Technology,circuit
Electronics and Hardware Technology,electronics
Electronics and Hardware Technology,components
Science and Research,science
Science and Research,research
Science and Research,chemistry
Science and Research,biology
Science and Research,scientific
Science and Research,technology
Science and Research,materials
Science and Research,innovation
Science and Research,bioinformatics
Media and Publishing,media
Media and Publishing,publishing
Media and Publishing,news
Media and Publishing,journalism
Media and Publishing,articles
Media and Publishing,publications
Media and Publishing,broadcast
Media and Publishing,press
Media and Publishing,publishing
Organic Food and Goods,organic
Organic Food and Goods,eco-friendly
Organic Food and Goods,food
Organic Food and Goods,sustainable
Organic Food and Goods,green
Organic Food and Goods,natural
Organic Food and Goods,agriculture
Organic Food and Goods,market
Undefined,unknown
Undefined,not specified
Undefined,unspecified
